id,genre,language,artistName
09UmIX92EUH9hAK4bxvHx6,"['desi pop', 'filmi', 'modern bollywood', 'sufi']",Hindi,Mithoon
7o7doCwqft91WC690aglWC,"['desi pop', 'modern bollywood']",Hindi,Sanam
3YoYru7MdcyhImg7mUHFic,"['desi pop', 'punjabi pop']",Punjabi,"Sippy Gill, Desi Roots"
5JZ7CnR6gTvEMKX4g70Amv,['pop'],English,Lauv
4aopF0aU0Nbu5GtSorXV0W,"['desi hip hop', 'desi pop', 'punjabi pop']",Punjabi,The PropheC
7gAppWoH7pcYmphCVTXkzs,"['boy band', 'dance pop', 'pop', 'post-teen pop']",English,The Vamps
4vxaQs6vK54nK89J1VtLex,['indie rockism'],English,PUBLIC
6eUKZXaKkcviH0Ku9w2n3V,"['pop', 'uk pop']",English,Ed Sheeran
4ITkqBlf5eoVCOFwsJCnqo,"['desi pop', 'punjabi pop']",Punjabi,Harrdy Sandhu
3fxBst8oqDfPvHHrd9wEse,"['desi pop', 'punjabi pop']",Punjabi,GKhan
6TGg9uXF6VXPw8k2DnMQik,[],,Acoustic Brar
6LEG9Ld1aLImEFEVHdWNSB,"['punjabi hip hop', 'punjabi pop']",Punjabi,AP Dhillon
0X2BH1fck6amBIoJhDVmmJ,"['dance pop', 'edm', 'electropop', 'indietronica', 'metropopolis', 'pop', 'uk pop']",English,Ellie Goulding
53XhwfbYqKCa1cC15pYq2q,"['modern rock', 'rock']",English,Imagine Dragons
540vIaP2JwjQb9dm3aArA4,"['dance pop', 'edm', 'electronic trap', 'pop', 'pop dance', 'pop rap']",English,DJ Snake
7n2wHs1TKAczGzO7Dd2rGr,"['canadian pop', 'dance pop', 'pop', 'viral pop']",English,Shawn Mendes
5WUlDfRSoLAfcVSX1WnrxN,"['australian dance', 'australian pop', 'dance pop', 'pop']",English,Sia
4gzpq5DPGxSnKTe4SA8HAU,"['permanent wave', 'pop']",English,Coldplay
7CajNmpbOovFoOoasH2HaY,"['dance pop', 'edm', 'electro house', 'house', 'pop', 'progressive house', 'uk dance']",English,Calvin Harris
1W7FNibLa0O0b572tB2w7t,"['bedroom soul', 'chill r&b', 'pop']",English,Pink Sweat$
69GGBxA162lTqCwzJG5jLp,"['dance pop', 'edm', 'electropop', 'pop', 'pop dance', 'tropical house']",English,The Chainsmokers
64KEffDW9EtZ1y2vBYgq8T,"['brostep', 'dance pop', 'edm', 'pop', 'pop dance', 'progressive electro house']",English,Marshmello
6QrQ7OrISRYIfS5mtacaw2,"['modern rock', 'pop']",English,Jaymes Young
1uNFoZAHBGtllmzznpCI3s,"['canadian pop', 'pop']",English,Justin Bieber
04gDigrS5kc9YWfZHwBETP,['pop'],English,Maroon 5
0bBz5bRBkExaej2HxtVfCw,['sad rap'],English,347aidan
1psakk7GVUl85AnTEvwtk2,[],,DHARIA
5ghnxpW47ojtLHHyTLdxdY,['pop rap'],English,Witt Lowry
1z7b1Pr1rSlvWRzsW3HOrS,"['hawaiian hip hop', 'rap']",English,Russ
682M6cmwGHOyAB1ZmPv38W,"['desi pop', 'punjabi pop']",Punjabi,Gurnazar
4F5ZNBJDep3GTrMip2tpI4,"['desi hip hop', 'desi pop', 'punjabi pop']",Punjabi,Prabh Gill
56SjZARoEvag3RoKWIb16j,"['desi pop', 'punjabi pop']",Punjabi,B Praak
6zZrFenNe3YPttxZsnQQs1,"['desi hip hop', 'desi pop', 'punjabi pop']",Punjabi,Akhil
4dDplWRph6eniqpE1VIwYF,[],,Mehmood J
6VuMaDnrHyPL1p4EHjYLi7,"['dance pop', 'pop', 'viral pop']",English,Charlie Puth
6aX6KqXgEcARRHwvWxHcFW,"['canadian pop', 'pop']",English,Johnny Orlando
1QRj3hoop9Mv5VvHQkwPEp,"['alt z', 'dance pop', 'electropop', 'pop', 'post-teen pop', 'rap']",English,Olivia O'Brien
5p7f24Rk5HkUZsaS3BLG5F,"['dance pop', 'pop', 'post-teen pop']",English,Hailee Steinfeld
2ZRrPOjBIWoKK5rHedLijj,"['classic bollywood', 'desi pop', 'filmi', 'modern bollywood']",Hindi,Abhijeet
3gBKY0y3dFFVRqicLnVZYz,"['classic bollywood', 'desi pop', 'filmi', 'hare krishna', 'modern bollywood']",Hindi,Alka Yagnik
61JrslREXq98hurYL2hYoc,"['classic bollywood', 'desi pop', 'filmi', 'lata']",Hindi,Lata Mangeshkar
6RF8hEdlUKoLPQOHmBbHiM,"['desi pop', 'filmi', 'modern bollywood']",Hindi,Yasser Desai
4oVMLzAqW6qhRpZWt8fNw4,"['desi hip hop', 'desi pop', 'filmi', 'indian folk', 'modern bollywood', 'sufi']",Hindi,Kailash Kher
2oSONSC9zQ4UonDKnLqksx,"['classic pakistani pop', 'desi pop', 'filmi', 'modern bollywood', 'sufi']",Hindi,Atif Aslam
1wRPtKGflJrBx9BmLsSwlU,"['filmi', 'indian instrumental', 'modern bollywood']",Hindi,Pritam
4dpARuHxo51G3z768sgnrY,"['british soul', 'pop', 'pop soul', 'uk pop']",English,Adele
5LFXPuKD97Sp9qdkxYBfDn,"['desi pop', 'punjabi pop']",Punjabi,Babbal Rai
3jsyANBBy6gOZUSQhiGclx,['comic'],English,Ninja
6IP4VnqS1pOiQcPVP4zx0H,"['desi pop', 'punjabi pop']",Punjabi,Prem Dhillon
6w2tW2P6MoEdHEFAGUqrMa,[],,Aatish
4eB5clMaoi0cCRnCwLkkiS,"['desi pop', 'punjabi pop']",Punjabi,Harnoor
3796Al8KerYiCPaOK1vHZJ,"['desi pop', 'punjabi pop']",Punjabi,Sucha Yaar
2daDqAvmOL9Uxwv0cGvLXv,"['desi pop', 'punjabi pop']",Punjabi,Harman Hundal
78sIlhMniFgXlOrNWnPtIl,"['desi pop', 'punjabi pop']",Punjabi,Tegi Pannu
7gOZcXPfLtLbFgUyHGV7cZ,[],,Shipra Goyal
7GgAwYJnBBFT1WogNWf0oj,"['desi hip hop', 'desi pop', 'punjabi pop']",Punjabi,Amrit Maan
4f7KfxeHq9BiylGmyXepGt,"['desi pop', 'modern bollywood']",Hindi,Tanishk Bagchi
2sN4fSzAm2rAL0HIurPCEM,"['desi hip hop', 'desi pop', 'punjabi pop']",Punjabi,Maninder Buttar
1sVmXkzX2ukc6QvasrDBES,"['desi pop', 'filmi', 'modern bollywood']",Hindi,Asees Kaur
7dcWg5dXOShjR4ACNd6kVc,[],,Mission ISRO with Harsha Bhogle
7M3xY5iHSzEtoL3FpqOD75,"['desi pop', 'punjabi pop']",Punjabi,Garry Sandhu
3dQMGfODIABnUy8kNFXBim,['slowed and reverb'],English,Reggie Mills
424s65ZBz4Alruua67iFmO,[],,Romaana
7KEQQy9VJpx2xaojUu2VTp,"['desi hip hop', 'desi pop', 'punjabi pop']",Punjabi,The Landers
1UAzmnFgjizIDvtHvnCdEq,"['desi pop', 'modern bollywood']",Hindi,Stebin Ben
2kWeFaiHBskk8oqky3KHcR,"['alternative country', 'new americana', 'outlaw country']",English,Nikk
0j2LQCxHNcJdkuJRa8KEp5,"['desi pop', 'punjabi pop']",Punjabi,Pav Dharia
0ea0y5ZxnN5TbEDzNtx5Fk,"['desi pop', 'punjabi pop']",Punjabi,Nimrat Khaira
5DHi2MeoRgAwPE0A0qwRMl,['punjabi hip hop'],Punjabi,Guri
6q71Xu33Q9DBhLFSUCLMUM,"['desi pop', 'punjabi pop']",Punjabi,Happy Raikoti
7hHDO4bJGlEaEHlY2lj1eZ,"['desi hip hop', 'desi pop', 'pakistani pop', 'punjabi pop']",Punjabi,Bilal Saeed
1r8t9QJtZZL9OsSCG2qij9,[],,Preetinder
3TOhzLRYnkkul71yRBxIoM,"['desi pop', 'modern bollywood']",Hindi,Akhil Sachdeva
2RlWC7XKizSOsZ8F3uGi59,"['desi pop', 'punjabi pop']",Punjabi,Ammy Virk
1yzgJmZf5CxtFfGfRFm4Si,"['desi pop', 'filmi', 'modern bollywood']",Hindi,Gajendra Verma
5wJ1H6ud777odtZl5gG507,"['desi pop', 'modern bollywood']",Hindi,Vishal Mishra
3mnR9SJ3hfV6EcrGKH44H9,"['desi pop', 'punjabi pop']",Punjabi,Karan Randhawa
5tJx4B5oBr1LJkkHI8GFYX,"['desi pop', 'modern bollywood']",Hindi,Rahul Jain
2ZzyxohC32i649slMn9Kgk,"['desi pop', 'punjabi pop']",Punjabi,Inder Chahal
52sAo4U0x2dfde5UYFDU2n,"['desi pop', 'punjabi pop']",Punjabi,Kay Vee Singh
0T1CMVkqffHlqEk4BcAph1,"['desi pop', 'filmi', 'modern bollywood']",Hindi,Tulsi Kumar
3xZnxcyeC0vVaJvEA9VqrA,"['desi pop', 'punjabi pop']",Punjabi,Jassie Gill
1dqPqXbxxYtCtLbKeAN2Ss,"['desi hip hop', 'desi pop', 'punjabi pop']",Punjabi,Akull
3FVbcT2DnCA47g451Y7HKz,[],,MEDITATION SELF
0wmFEqpoc2FgAv8IPtCLBW,"['desi pop', 'punjabi pop']",Punjabi,Karan Sehmbi
7bcSOvqOKoyZqU41p5YuoJ,"['bhangra', 'desi hip hop', 'desi pop']",Punjabi,Sukhbir
0y59o4v8uw5crbN9M3JiL1,"['desi hip hop', 'desi pop', 'desi trap', 'haryanvi pop', 'modern bollywood']",Hindi,Badshah
5rQoBDKFnd1n6BkdbgVaRL,"['desi hip hop', 'desi pop', 'modern bollywood']",Hindi,Guru Randhawa
6WOdPJmexxFINcKMkP2jMG,"['desi pop', 'modern bollywood']",Hindi,Sachet Tandon
04FsFHujpuqonrPXZrEJlK,"['desi pop', 'filmi', 'modern bollywood']",Hindi,Dev Negi
4YRxDV8wJFPHPTeXepOstw,"['desi pop', 'filmi', 'modern bollywood']",Hindi,Arijit Singh
4hkB2bR5ek6lJChj6aunCn,"['bhajan', 'classic bollywood', 'desi pop', 'filmi', 'ghazal', 'hare krishna', 'modern bollywood']",Hindi,Anuradha Paudwal
1LAdnp9wIdKClX7Cool0GD,"['desi hip hop', 'pakistani hip hop', 'pakistani pop']",Hindi,Faris Shafi
6npKsb0CeJMFX3FwjKybfD,[],,Mehtab Virk
67XQGZSc63AMXMINY8H7Fx,"['desi pop', 'punjabi pop']",Punjabi,Tarsem Jassar
6ti9mMVGU3e9MtpFh69Knr,"['desi pop', 'punjabi pop']",Punjabi,Navjeet
4V2pR2iSd1g0RZCglrP3jn,['alt z'],English,PLVTINUM
2BHswvFd8tMBizVWGcAMLm,"['post-teen pop', 'viral pop']",English,Kurt Hugo Schneider
7eCmccnRwPmRnWPw61x6jM,"['alt z', 'electropop', 'pop', 'post-teen pop', 'swedish electropop']",English,shy martin
5IH6FPUwQTxPSXurCrcIov,"['alt z', 'electropop', 'pop']",English,Alec Benjamin
06HL4z0CvFAxyc27GXpf02,['pop'],English,Taylor Swift
6fjlehmqzeqeDmRwnbvapd,[],,Amir Jamal
3OLGltG8UPIea8sA4w0yg0,"['classic pakistani pop', 'filmi', 'modern bollywood', 'qawwali', 'sufi']",Hindi,Rahat Fateh Ali Khan
03SZmfKAgYRQKUwy0EoJUa,"['classic bollywood', 'desi pop', 'filmi', 'modern bollywood', 'sufi']",Hindi,Roop Kumar Rathod
3HLmrqEDEHkQ7VFXwdKdKa,['pakistani indie'],English,Ali Pervez Mehdi
01DlVvmRpQFutrYzh0HmF8,"['desi pop', 'punjabi pop']",Punjabi,Kamal Khan
5SuRAj1A9FEHj5NxS86YAm,"['classic pakistani pop', 'desi pop', 'filmi', 'modern bollywood', 'pakistani pop', 'sufi']",Hindi,Shafqat Amanat Ali
1SJOL9HJ08YOn92lFcYf8a,"['filmi', 'modern bollywood']",Hindi,Shankar Mahadevan
7IamkJSsxpZ8fi6FfSsWt2,[],,Pranav Chandran
1mYsTxnqsietFxj1OgoGbG,"['filmi', 'modern bollywood']",Hindi,A.R. Rahman
7vk5e3vY1uw9plTHJAMwjN,['electro house'],English,Alan Walker
0SfsnGyD8FpIN4U4WCkBZ5,"['dutch trance', 'edm', 'pop dance', 'progressive house', 'trance']",English,Armin van Buuren
60d24wfXkVzDSfLS6hyCjZ,"['dance pop', 'dutch edm', 'edm', 'electro house', 'pop', 'pop dance', 'progressive house', 'tropical house']",English,Martin Garrix
4cSYNpczcvTUpnPMFDLsIc,[],,Raaban
2VSHKHBTiXWplO8lxcnUC9,['modern alternative pop'],English,GAYLE
2NjfBq1NflQcKSeiDooVjY,"['australian pop', 'pop']",English,Tones And I
4AK6F7OLvEQ5QYCBNiQWHq,"['boy band', 'pop', 'post-teen pop', 'talent show']",English,One Direction
0C8ZW7ezQVs4URX5aX7Kqx,"['dance pop', 'pop', 'post-teen pop']",English,Selena Gomez
4npEfmQ6YuiwW1GpUmaq3F,"['dance pop', 'pop']",English,Ava Max
45eNHdiiabvmbp4erw26rg,"['edm', 'melodic dubstep', 'pop', 'pop dance', 'tropical house']",English,ILLENIUM
7LiVklVR1325BIOqD9kykr,"['norwegian pop', 'pop dance']",English,CLMD
1vCWHaC5f2uS3yhpwWbIA6,"['dance pop', 'edm', 'pop', 'pop dance', 'pop rap']",English,Avicii
0FJz7XR37hH69traaHLijA,"['desi pop', 'filmi', 'modern bollywood']",Hindi,Shaarib Toshi
6zFexQuZduSVGrLq28KhvY,['guam indie'],English,Starla Edney
6NPbeRsuxTEwa7lMDnZLLz,['guitarra mexicana'],English,Serena
26ks59eSno7UlPCdljHQoI,"['desi pop', 'modern bollywood']",Hindi,Shirley Setia
6QtgPSJPSzcnn7dPZ4VINp,['chicago rap'],English,King
6SZ6jRzG1OPBCjkzGtKW0G,"['desi pop', 'punjabi pop']",Punjabi,Singga Ft. Ellde Fazilka
5HcunTidTUrOaf8V0iJcvl,"['indian fusion', 'pakistani folk', 'qawwali', 'sufi', 'world']",Hindi,Nusrat Fateh Ali Khan
6Eh92TEgarADIOborTEsDJ,"['desi hip hop', 'desi pop', 'pakistani pop']",Hindi,Sarmad Qadeer
1x02ug1CLkx7mrQP9FRswh,"['bhangra', 'desi pop', 'punjabi pop']",Punjabi,Amrinder Gill
3bWIy9AUrQdiNeS62Bp3OP,[],,Shae Gill
5tvfyAT4aOIOkumo6vw1yL,"['desi hip hop', 'desi pop']",Hindi,Arjun
3dN9MQpjIyNxyeRfz4EDZe,"['desi pop', 'modern bollywood']",Hindi,Rochak Kohli
7qHsapL39aTQsPhixtzVvy,"['desi pop', 'filmi', 'modern bollywood']",Hindi,Ayushmann Khurrana
7HCqGPJcQTyGJ2yqntbuyr,"['desi pop', 'filmi', 'modern bollywood']",Hindi,Amit Trivedi
4xd7mLI7urqrxELaXhAvzw,"['desi pop', 'filmi', 'modern bollywood']",Hindi,Shekhar Ravjiani
0NZtn1Kyq08alpHCTRf3dv,"['desi pop', 'modern bollywood']",Hindi,Tony Kakkar
7ezmUPZODtZdTK2Iu5TOVM,"['bhangra', 'desi hip hop', 'punjabi pop']",Punjabi,Gitaz Bindrakhia
2KnNv9FWraSIxs0Sce2tdl,"['desi hip hop', 'desi pop', 'punjabi pop']",Punjabi,Kay v Singh
6x93MmBokl9aGi8KXjdjSY,[],,Desi Group
0tvpihdAsKiNnP6sWS3jUI,"['bass trap', 'edm', 'electro house', 'electronic trap']",English,TroyBoi
0zOcE3mg9nS6l3yxt1Y0bK,"['neo mellow', 'piano rock', 'pop', 'pop rock']",English,The Fray
4IWBUUAFIplrNtaOHcJPRM,"['pop', 'talent show', 'uk pop']",English,James Arthur
70B80Lwx2sxti0M1Ng9e8K,"['chutney', 'classic bollywood', 'desi pop', 'filmi']",Hindi,Udit Narayan
73Np75Wv2tju61Eo9Zw4IR,"['hollywood', 'show tunes']",English,Idina Menzel
0SCbttzoZTnLFebDYmAWCm,"['glee club', 'hollywood', 'post-teen pop']",English,Glee Cast
6U1dBXJhC8gXFjamvFTmHg,"['hollywood', 'pop', 'post-teen pop', 'show tunes']",English,Zac Efron
0GF4shudTAFv8ak9eWdd4Y,"['classic bollywood', 'desi pop', 'filmi', 'modern bollywood']",Hindi,Kishore Kumar
5as8A4G47Ohu9NSWs3Je8U,"['chutney', 'classic bollywood', 'desi pop', 'filmi']",Hindi,Asha Bhosle
6LCIgtcHUYILCEuCN6TSf6,"['desi pop', 'modern bollywood']",Hindi,Anushka Shahaney
7rhiZksPc6NrFYY2x0iajU,[],,Karan Nawani
4S9EykWXhStSc15wEx8QFK,['canadian pop'],English,Céline Dion
246dkjvS1zLTtiykXe5h60,"['dfw rap', 'melodic rap', 'rap']",English,Post Malone
4vvW590Gq8dNWsP5BM9FkS,[],,Gminxr
5DHi2MeoRgAwPE0A0qwRMl,['punjabi hip hop'],Punjabi,Gurinder Gill
048LktY5zMnakWq7PTtFrz,['afro r&b'],English,CKay
6psCCMHymYfQy6VvYRr6cs,['scandipop'],English,Loving Caliber
4V8Sr092TqfHkfAA5fXXqG,"['latin pop', 'puerto rican pop']",English,Luis Fonsi
6CXEwIaXYfVJ84biCxqc9k,"['desi pop', 'filmi', 'modern bollywood']",Hindi,Vishal Dadlani
5gZhfbckaWo89OzDSk3gdT,['punjabi pop'],Punjabi,Jaani
5rpl4dM4cZVFeseE6XT0AZ,['punjabi pop'],Punjabi,Harvi
6TRcwPQiddMiQ6H22iwnoG,"['desi hip hop', 'desi pop', 'punjabi pop']",Punjabi,Rajvir Jawanda
6HkQAVfiEMIx0yWyWOnVfq,"['desi pop', 'punjabi pop']",Punjabi,Ravneet
6Sm1K8bZDB62cHlJWrhzI5,[],,Raavi Gill
45LSiycLy1JsWUMObvPvpX,"['desi pop', 'punjabi pop']",Punjabi,Gurnam Bhullar
2qTa0uEodCgzZzSYxhADZH,[],,Monty & Waris
0vqqFNT40Yi47BEE0XBkfg,[],,Manpreet Singh
1dfeR4HaWDbWqFHLkxsg1d,"['classic rock', 'glam rock', 'rock']",Hindi,Queen
3Agskd2jrYif8W7sDPPf0v,[],,Sara Gurpal
2N5XRZ4Y7J5kkI2QKTIGfk,[],,Jass Kanwar
44wLsyV4oq5xoNZZA8STof,[],,Guntaj
2LJxr7Pt3JnP60eLxwbDOu,"['dance pop', 'hollywood', 'post-teen pop']",English,Mandy Moore
5noqLj1lBL60sqwh4ydVch,[],,Runbir
25vSOMtqWGPjXYxvJCBOSf,[],,Dhami Dub
6t6D6drTfOF08Jp4w9wY2J,[],,Deep Money
4etv0ut4ws0GbXBtolzf5e,"['classic bollywood', 'desi pop', 'filmi', 'ghazal']",Hindi,Mukesh
4K6blSRoklNdpw4mzLxwfn,"['classic bollywood', 'desi pop', 'filmi', 'modern bollywood']",Hindi,Kumar Sanu
2BNj9F2NMmWTRpO3S3C0dK,[],,Bharatt
4GNC7GD6oZMSxPGyXy4MNB,"['pop', 'uk pop']",English,Lewis Capaldi
1McMsnEElThX1knmY4oliG,['pop'],English,Olivia Rodrigo
1RKbW3DVPPhWHNfParfJ32,[],,Cody Francis
4xnihxcoXWK3UqryOSnbw5,"['alt z', 'electropop', 'pop']",English,Sasha Alex Sloan
7CQwac16i1W5ej8YpuL3dv,"['acoustic cover', 'neo mellow', 'viral pop']",English,Boyce Avenue
3gIRvgZssIb9aiirIg0nI3,"['electropop', 'pop']",English,Jeremy Zucker
23fqKkggKUBHNkbKtXEls4,"['edm', 'pop', 'pop dance', 'tropical house']",English,Kygo
75VKfyoBlkmrJFDqo1o2VY,['afro dancehall'],English,Fireboy DML
5f4QpKfy7ptCHwTqspnSJI,"['desi pop', 'filmi', 'modern bollywood']",Hindi,Neha Kakkar
5H9cLoe8sRnaCZ4yb8B3tO,[],,SULTAN UL QADRIA QAWWAL
0BEr6nvOOHQMy53md08n9Y,"['filmi', 'sufi']",Hindi,Master Saleem
1ymQAIQTQDQyskr4FEG0wO,['naat'],English,Owais Raza Qadri
3ulQxkRg02sq9QhoeOX7Zg,[],,Nardev Beniwal
7JxXeUTiGg0vr8SS2iS0F0,"['classic bollywood', 'classic pakistani pop', 'ghazal', 'pakistani pop', 'sufi']",Hindi,Iqbal Bano
4wwYGgSpeBtvk5WX6HBqzw,"['desi pop', 'hindi indie']",Hindi,Aditya A
0kmtdziYTHrKtoHlGElunM,[],,Falak Shabbir
3Gay1KEB0WNEosR9hz4N0M,[],,Balraj
1PjJ4dEbt9ZfhZmsZoEKph,[],,Vikonthebeat
26dSoYclwsYLMAKD3tpOr4,"['dance pop', 'pop']",English,Britney Spears
1HY2Jd0NmPuamShAr6KMms,"['art pop', 'dance pop', 'pop']",English,Lady Gaga
5ew8GeAFGEQIVO1BOEzNm5,[],,Ramana Lb
4gdMJYnopf2nEUcanAwstx,"['hindi indie', 'indian indie', 'indian singer-songwriter']",Hindi,Anuv Jain
5wQDQFm7Ku8WWGi5xqJ9lp,"['desi pop', 'modern bollywood']",Hindi,Jyotica Tangri
74OaRjmyh0XyRZsQQQ5l7c,"['desi pop', 'filmi', 'indian singer-songwriter', 'modern bollywood']",Hindi,Jasleen Royal
5cj0lLjcoR7YOSnhnX0Po5,"['dance pop', 'pop']",English,Doja Cat
7zXywunCUMDLIOlh0F6enD,[],,Listening Time
2oe6twSNfQ3EWRa3CAal4U,[],,Speak Better English with Harry
5fwaejlOHVBAw1KhIPPaQe,"['black metal', 'black thrash', 'british black metal', 'death metal', 'hard rock', 'metal', 'nwobhm', 'old school thrash', 'speed metal', 'thrash metal']",English,Venom Kul
2lZkXWxkZsZzBocxMjN1or,"['alternative rock', 'emo', 'emo punk', 'midwest emo', 'post-hardcore']",English,Sunny
0L5GV6LN8SWWUWIdBbTLTZ,"['desi pop', 'filmi', 'modern bollywood']",Hindi,Shankar-Ehsaan-Loy
5T2I75UlGBcWd5nVyfmL13,"['desi hip hop', 'desi pop', 'filmi', 'modern bollywood']",Hindi,Mika Singh
2P9JaCtpbQSuZOgvtPrUJ8,"['desi hip hop', 'desi pop', 'punjabi pop']",Punjabi,Jass Manak
6DARBhWbfcS9E4yJzcliqQ,"['desi hip hop', 'desi pop', 'punjabi pop']",Punjabi,Karan Aujla
4nDoRrQiYLoBzwC5BhVJzF,"['dance pop', 'pop', 'post-teen pop']",English,Camila Cabello
1vyhD5VmyZ7KMfW5gqLgo5,"['reggaeton', 'reggaeton colombiano', 'urbano latino']",English,J Balvin
7zJL978NtANOysfGY21ty6,"['grime', 'uk alternative hip hop', 'uk hip hop']",English,Ghetts
521qvhdobR0GzhvU6TFw76,"['edm', 'electro house', 'melodic dubstep', 'pop dance', 'pop edm', 'progressive electro house', 'progressive house', 'progressive trance', 'trance', 'tropical house', 'uplifting trance']",English,Tritonal
5Rl15oVamLq7FbSb0NNBNy,"['boy band', 'dance pop', 'pop', 'post-teen pop']",English,5 Seconds of Summer
2wY79sveU1sp5g7SokKOiI,"['dance pop', 'pop', 'uk pop']",English,Sam Smith
6M2wZ9GZgrQXHCFfjv46we,"['dance pop', 'pop', 'uk pop']",English,Dua Lipa
293XZCVDsIPWXKfieaHLuX,"['qawwali', 'sufi']",Hindi,Wadali Brothers
4GkzQfmnDhg61MpV8Mckgc,[],,Akhtar Rising Star
5ZmBk48Jyecq1pRDbHEMaS,[],,Gurujeet Singh
7pfPZ5tXoa5wB8F544YZIR,[],,Rakesh Maini
7Dfa2OiawjwGg3bbjNnarP,['desi pop'],Hindi,Kushagra
6Mv8GjQa7LKUGCAqa9qqdb,"['desi pop', 'filmi', 'modern bollywood']",Hindi,Vishal-Shekhar
1mBydYMVBECdDmMfE2sEUO,"['desi pop', 'filmi', 'gujarati pop', 'modern bollywood']",Hindi,Sachin-Jigar
4fEkbug6kZzzJ8eYX6Kbbp,"['desi pop', 'filmi', 'modern bollywood']",Hindi,KK
1INuLZXjjVbcJRyWvD1iSq,"['dance pop', 'pop', 'post-teen pop', 'social media pop', 'teen pop']",English,Jack & Jack
0du5cEVh5yTK9QJze8zA0C,"['dance pop', 'pop']",English,Bruno Mars
5pKCCKE2ajJHZ9KAiaK11H,"['barbadian pop', 'dance pop', 'pop', 'urban contemporary']",English,Rihanna
3ycxRkcZ67ALN3GQJ57Vig,[],,Masego
16rCzZOMQX7P8Kmn5YKexI,"['alternative r&b', 'indie anthem-folk', 'indie r&b', 'neo soul', 'pop', 'r&b', 'uk contemporary r&b']",English,Mahalia
2joIhhX3Feq47H4QXVDOr3,"['australian r&b', 'bedroom soul', 'chill r&b', 'pop']",English,RINI
2vJvM1hPBYqDoGBje0kRMd,"['desi pop', 'punjabi pop']",Punjabi,Jassa Dhillon
79ck5e8MfF45wUIBzKwoag,[],,Positive Thinking Mind
64DvMieEUCdrYKmEIhDt8G,['punjabi pop'],Punjabi,Arjan Dhillon
3whuHq0yGx60atvA2RCVRW,"['dance pop', 'pop', 'pop dance', 'post-teen pop', 'talent show', 'uk pop']",English,Olly Murs
04NseFrg9L1BHlCQa8tiBl,[],,Bret James
5qfkUSH3ip5dD2eEPhjkT3,"['alternative r&b', 'chill r&b', 'indie r&b', 'indie soul', 'pop', 'r&b']",English,Kyle Dion
20wkVLutqVOYrc0kxFs7rA,"['canadian contemporary r&b', 'pop', 'r&b']",English,Daniel Caesar
4GQwgdcDQwqtcHICjUNndp,"['choral', 'classical performance', 'orchestral performance']",Hindi,SiR
1GlMjIezcLwV3OFlX0uXOv,"['hollywood', 'movie tunes', 'show tunes', 'tagalog worship']",English,Lea Salonga
5BuTOT6mPoNZ5EmaPheBI9,"['disney', 'hollywood', 'movie tunes']",English,Donna Murphy
1AUZYkS7eLmZUnBjQyJmwf,"['lo-fi chill', 'sad lo-fi']",Hindi,Timmies
3Yl4nkmEa8BSuGWbwhdLDq,"['dance pop', 'girl group', 'pop', 'post-teen pop']",English,G.R.L.
07YZf4WDAMNwqr4jfgOZ8y,"['dance pop', 'edm', 'pop', 'pop rap', 'post-teen pop']",English,Jason Derulo
7nDsS0l5ZAzMedVRKPP8F1,"['dance pop', 'pop', 'pop dance', 'talent show', 'tropical house', 'uk pop']",English,Ella Henderson
5pc37fecXLdChXcNYBQSRW,[],,Clone Banda
6jV25rzTKQ2zMgrqHha1V5,['k-pop'],English,CHANYEOL
3Q2ya2vGeOhQ9CaF9wWNP6,['irish pop'],English,Shane Filan
0NxhAEPOSeCg6vypFr7yjU,['viral pop'],English,Madilyn Bailey
5RmQ8k4l3HZ8JoPb4mNsML,['k-rap'],English,Agust D
2auC28zjQyVTsiZKNgPRGs,['k-rap'],English,RM
5pdzKTGQAcRcxDOfN4mXSc,"['cork indie', 'electropop', 'indie folk', 'irish indie', 'irish pop', 'vapor soul']",English,Talos
77BznF1Dr1k5KyEZ6Nn3jB,"['indie folk', 'vapor pop']",English,Vancouver Sleep Clinic
6tnCYugShRsCcfHNGIUSq3,['brooklyn indie'],English,Cape Francis
5xhVZ42ABidt3DS9HJ5Uzm,['korean ost'],English,Janet Suhh
2NFrAuh8RQdQoS7iYFbckw,"['nightrun', 'popwave']",English,The Midnight
0tC995Rfn9k2l7nqgCZsV7,"['folk-pop', 'hindi indie', 'indian singer-songwriter']",Hindi,Prateek Kuhad
2Mf99N2VcDEcVuocyBLhyC,"['acoustic pop', 'neo mellow', 'pop rock', 'stomp and holler']",English,Greg Laswell
3UAk61T8PItbpgEi9u7ofY,"['acoustic pop', 'indie folk', 'neo mellow']",English,Andrew Belle
4MCBfE4596Uoi2O4DtmEMz,"['chicago rap', 'melodic rap']",English,Juice WRLD
5Z1CCuBsyhEHngq3U5IraY,"['boy band', 'europop']",English,Westlife
3Nrfpe0tUJi4K4DXYWgMUX,"['k-pop', 'k-pop boy group']",English,BTS
0cuW2lF0YWb9VUyHOnvnsO,"['ccm', 'deep ccm', 'world worship']",English,Jenn Johnson
01nF5O4sTf8RDuec39ZPnp,['new delhi indie'],English,Ribhavv
2k66ibJfgMigF5QWqUgLyR,"['desi pop', 'indian indie', 'modern bollywood']",Hindi,OAFF
6xlrAAgxcRlgCXnbg2hcFc,"['desi hip hop', 'desi pop', 'indian indie', 'indian rock', 'mumbai indie', 'pakistani pop']",Hindi,The Yellow Diary
1kzKlwoZunQPBWRLCZ7ZvS,"['indian indie', 'indian singer-songwriter']",Hindi,Tanmaya Bhatnagar
1VFIeAFbzMVHmvGQtfE6OI,['indian indie'],Hindi,Deepak Rathore Project
3iZYzGUWgZKf8yoKLWKlxy,['indian lo-fi'],Hindi,Dj Vicky Belgaum
5TWDvkVWG1vayan1QA9q8U,[],,Hrithik Roshan
7pbDxGE6nQSZVfiFdq9lOL,"['bedroom pop', 'pop']",English,Rex Orange County
0WfaItAbs4vlgIA1cuqGtJ,"['canadian contemporary r&b', 'folk-pop']",English,Daniela Andrade
73oabrcxZFkgjgeJBP5uJC,"['filmi', 'modern bollywood']",Hindi,Shail Hada
3KXzL1ib42FoA6WoYn5LrI,[],,Calm it Down
4ytkhMSAnrDP8XzRNlw9FS,"['adult standards', 'jazz trio']",English,V
5Yu3b48Y29bZlI1cLPOZJz,"['ccm', 'idol']",English,Danny Gokey
7z5WFjZAIYejWy0NI5lv4T,"['contemporary country', 'country', 'country road', 'pop']",English,Dan + Shay
37230BxxYs9ksS7OkZw3IU,['reggaeton flow'],English,CHEN
5ZsFI1h6hIdQRw2ti0hz81,"['dance pop', 'pop', 'post-teen pop', 'uk pop']",English,ZAYN
1Cs0zKBU1kc0i8ypK3B9ai,"['big room', 'dance pop', 'edm', 'pop', 'pop dance']",English,David Guetta
2sf28o6euxEDpYkG9dMtuM,['gaming edm'],English,Cartoon
5xkAtLTf309LAGZTbvULBn,"['australian alternative pop', 'dance pop', 'electropop', 'pop', 'post-teen pop']",English,Ruel
6LuN9FCkKOj5PcnpouEgny,"['pop', 'pop r&b']",English,Khalid
3iri9nBFs9e4wN7PLIetAw,['pop'],English,gnash
33crDRqANd3NQHJagZkQ7O,"['canadian contemporary r&b', 'chill r&b', 'pop']",English,slchld
1CXuuw8HJhyN80HlNzvL1e,"['dubstep', 'edm', 'electro house', 'melodic dubstep']",English,SULLI
2kfi47LWmlXzQ3p3kWonfQ,"['desi pop', 'modern bollywood']",Hindi,Madhur Sharma
7hlaonFLy7SDDTzmQTK31m,[],,Azhar Abbas
76OvECLAtzBQnPw2pBmKuN,[],,Euphonious
2tLjmV1Hd3cP1H6zVWQuqU,[],,Bimal Bhanot
5kiwICyQNDmCtwOPLvgY04,['indian singer-songwriter'],Hindi,Ashwin Adwani
1xWw0nByTzMoKNEfveHwTp,[],,Sky-P
7HzJcu2wULiol2dXlEC9gg,['marathi pop'],English,yogita
1Cv3ReyTQ87n3dYllirYy9,[],,Akbar Alam
393OQi0BUT25ZxUWmMPoNA,[],,Veeswaas
5qERXbPWPdUePjrAW00vuU,"['bangla pop', 'desi pop', 'filmi', 'modern bollywood']",Hindi,Raj Barman
2zvJLk0gTH7r7A5Q6X5Bq8,"['desi pop', 'modern bollywood']",Hindi,Javed-Mohsin
1tqysapcCh1lWEAc9dIFpa,"['desi pop', 'filmi', 'hare krishna', 'modern bollywood']",Hindi,Jubin Nautiyal
3ILK3wZ5nqQr7O79aF8G53,['pakistani pop'],English,Yashal Shahid
5fuBZptKdXWB7NLT2eDwaT,"['desi pop', 'modern bollywood']",Hindi,JalRaj
1SyKki7JI1AZNKwgNMkn25,"['desi pop', 'modern bollywood']",Hindi,Sachet-Parampara
5ZVycSnntFQRyXFpO6TdsU,[],,Amrita Singh
5Y9YGMxRoQYfJFj4kJ9TVv,[],,Goldie Sohel
6L2yfQRH3GMXE6WutO0CD8,[],,Khudgharz Official
0sSxphmGskGCKlwB9xa6WU,"['desi pop', 'filmi', 'modern bollywood']",Hindi,Himesh Reshammiya
3t4P7aXVor3NxlJPZxLzOQ,"['desi pop', 'filmi', 'modern bollywood']",Hindi,Kunal Ganjawala
71oGOxg5ez52Hh1Ye41A98,"['desi hip hop', 'desi pop', 'filmi', 'modern bollywood', 'pakistani pop']",Hindi,Mustafa Zahid
1dVygo6tRFXC8CSWURQJq2,"['desi pop', 'filmi', 'modern bollywood']",Hindi,Sonu Nigam
0gXDpqwYNDODn7fB0RDN8J,"['classic bollywood', 'desi pop', 'filmi', 'sufi']",Hindi,Mohammed Rafi
6Wg3YW7eun3woBKYL8jJT6,"['desi pop', 'punjabi pop']",Punjabi,Grewal
2FKWNmZWDBZR4dE5KX4plR,"['desi pop', 'filmi', 'modern bollywood']",Hindi,Diljit Dosanjh
4rgw8A5vcYinpZLDKHrEdV,"['desi hip hop', 'desi pop', 'punjabi pop', 'sufi']",Punjabi,Satinder Sartaaj
6WY7D3jk8zTrHtmkqqo5GI,"['contemporary country', 'country', 'pop', 'texas country']",English,Maren Morris
3WGpXCj9YhhfX11TToZcXP,"['australian pop', 'dance pop', 'pop', 'viral pop']",English,Troye Sivan
3klZnJvYGIbWritVwQD434,['dutch pop'],English,Duncan Laurence
6qqNVTkY8uBg9cP3Jd7DAH,"['art pop', 'electropop', 'pop']",English,Billie Eilish
4AVFqumd2ogHFlRbKIjp1t,"['dance pop', 'edm', 'electro house', 'pop', 'pop dance', 'tropical house']",English,Alesso
5Pwc4xIPtQLFEnJriah9YJ,"['piano rock', 'pop']",English,OneRepublic
5HgB3r11CTMckYeopesztP,['modern bollywood'],Hindi,Bobby-Imran
0iqFHwswV50GDerCAjulem,['modern bollywood'],Hindi,Mohan Kannan
6uOKeyhLuByJRekqUVSkwW,"['desi pop', 'modern bollywood']",Hindi,Suzzane
3NYtwolj6juXjj5RumJaRe,[],,Abhay Rustum Sopori
2gXOOKY8mmJG6iwHrTq9gp,"['classic pakistani pop', 'modern bollywood', 'pakistani pop']",Hindi,Jawad Ahmad
2kkQthS9OLpK4UqNWYqoVl,"['desi pop', 'filmi', 'modern bollywood']",Hindi,Jeet Gannguli
0XL6ie7a0NY5FM05b9Rn5L,"['desi pop', 'filmi', 'modern bollywood']",Hindi,Farhan Akhtar
7H55rcKCfwqkyDFH9wpKM6,"['dance pop', 'neo mellow', 'pop', 'pop rock', 'post-teen pop']",English,Christina Perri
3e7awlrlDSwF3iM0WBjGMp,"['dance pop', 'girl group', 'pop', 'post-teen pop', 'talent show', 'uk pop']",English,Little Mix
5y2Xq6xcjJb2jVM54GHK3t,"['neo soul', 'pop', 'pop soul', 'r&b', 'urban contemporary']",English,John Legend
6KjtrCRLDKihttXM81OndD,[],,GreatAudioRecorded
66W9LaWS0DPdL7Sz8iYGYe,"['alt z', 'canadian contemporary r&b', 'neo mellow', 'pop']",English,JP Saxe
1zrFFDzoE9XXyjEqqgDpMm,"['bhangra', 'desi hip hop', 'desi pop', 'punjabi hip hop', 'punjabi pop']",Punjabi,Dr Zeus
6KImCVD70vtIoJWnq6nGn3,['pop'],English,Harry Styles
21UPYSRWFKwtqvSAnFnSvS,"['afro r&b', 'alternative r&b', 'ghanaian alternative', 'ghanaian pop']",English,Amaarae
1Xyo4u8uXC1ZmMpatF05PJ,"['canadian contemporary r&b', 'canadian pop', 'pop']",English,The Weeknd
6x2LnllRG5uGarZMsD4iO8,"['contemporary country', 'country', 'country road']",English,Thomas Rhett
6JuBBw98XzwRZ6KvN1PpLy,"['desi pop', 'punjabi pop']",Punjabi,Satbir Aujla
0vrOKS3DCqlyRHmdx068n4,['indian lo-fi'],Hindi,Tanish Mittal
3ozYqVCLohfpXIhalkhM8D,"['desi pop', 'modern bollywood']",Hindi,Aditya Rikhari
5gVozagAcRKYCeAVnlC3Nk,"['desi hip hop', 'desi pop', 'modern bollywood']",Hindi,Vilen
3eDT9fwXKuHWFvgZaaYC5v,"['desi pop', 'filmi', 'modern bollywood', 'sufi']",Hindi,Sunidhi Chauhan
2GhRzK7XzixKuZYEEfUkBR,['indian lo-fi'],Hindi,KSW
0kTAB5SUakX286t6K7J3QR,[],,Dikshant
3ZxZ03fj3tXBZHZWzvaLSM,"['desi pop', 'filmi', 'modern bollywood']",Hindi,Neeti Mohan
3cKS6z9VNfN9u5ZyNiph4l,['alt z'],English,Munn
6kDXH8d9LugUAsHIozzDAI,"['alt z', 'pop']",English,Rosie Darling
6uRJnvQ3f8whVnmeoecv5Z,"['german orchestra', 'orchestra']",English,Ber
0EiNdCUwM4B5GkTInLAyuj,['alt z'],English,Caleb Hearn
1Oh5bPXjw5jreVFhKc4jux,['desi pop'],Hindi,Kaka
3PbkSdpJnYRF18jau74b7R,"['pakistani indie', 'pakistani pop']",English,Abdullah Siddiqui
6UXtWzEh7DSBepGmaq7tXk,['desi pop'],Hindi,DJ Notorious
1ZChN8G1Y7CJ0TXbrvblwS,"['desi pop', 'modern bollywood', 'pakistani pop']",Hindi,Asim Azhar
1btklM4yoTaKiVjLodLrOh,['indian lo-fi'],Hindi,VIBIE
6rgc6AL16aoiwofPPzsoLU,"['desi pop', 'indian lo-fi']",Hindi,Sanjay S Yadav
281Vp9LDrWkHMHQzfQHWCt,"['filmi', 'modern bollywood']",Hindi,Rashid Ali
6n44VlBKxm6HaDN7lnalf0,['indian lo-fi'],Hindi,Dev Bhawsar
6dxbsVBLykNgOpP0DxjMR4,[],,Anthony de la Torre
0clfID6QXqVAUhgm7QHpwF,"['alt z', 'pop edm']",English,Adam Turley
64Bnlany1OG6esdJyOxyey,"['desi pop', 'modern bollywood']",Hindi,Tanzeel Khan
0vkpFzbSTmwPuGGnhsblFI,"['desi pop', 'filmi', 'modern bollywood']",Hindi,Ajay Gogavale
7yPbJOX7olhT3ynAyuj3Zl,"['contemporary country', 'country', 'country pop']",English,Runa
0mJDQBWytBhOh5JB1DOQ1c,"['desi pop', 'punjabi pop']",Punjabi,Jasmine Sandlas
3TozxPbDes76aGFdfv7PMv,"['desi pop', 'punjabi pop']",Punjabi,Jordan Sandhu
2X97ZAqRKRMYFIDqtvGgGc,['edm'],English,Silk City
2ae6PxICSOZHvjqiCcgon8,['filmi'],Hindi,S. P. Balasubrahmanyam
27rK4pP0VMqWiRe7pamKe5,['modern bollywood'],Hindi,Abhay Jodhpurkar
2GoeZ0qOTt6kjsWW4eA6LS,"['desi pop', 'gujarati pop', 'modern bollywood']",Hindi,Darshan Raval
3CfM61zeuztKppkmj0CggJ,[],,Dhrriti Saharan
5dfZ5uSmzR7VQK0udbAVpf,"['v-pop', 'vietnamese melodic rap']",English,Sơn Tùng M-TP
3MP2WJg5D3bmH5Mz2scPF8,[],,DJ Flow
61if35zz1W11GejEkxTLEQ,"['desi hip hop', 'desi pop', 'filmi', 'modern bollywood']",Hindi,Benny Dayal
2ijWbN5KykTYiBoVmhzCTU,"['classic bollywood', 'desi pop', 'filmi', 'ghazal', 'hare krishna', 'sufi']",Hindi,Jagjit Singh
6jf2eKjiPT6P18RbOSLzf0,"['desi pop', 'filmi', 'modern bollywood']",Hindi,Arko
5ugsiK49gIkIVh8U93EO0z,"['desi pop', 'modern bollywood']",Hindi,Ami Mishra
3nQ125TJobosBH446Dsvvv,"['filmi', 'hindi indie', 'modern bollywood', 'sufi']",Hindi,Kavita Seth
40pqZrXRfMPRJoV9BLy7gy,[],,Big Dhillon
1bLUXno6efJHG3XauV0O8a,[],,Mani Dhillon
7e3nNU9p4DAcTkXbM9kB05,[],,David Singh
0DyXyd0D6fMUsuD6yONANx,"['desi hip hop', 'desi pop', 'punjabi pop']",Punjabi,Miss Pooja
5iA6cWdcxhEFUZvx39ClfI,[],,Sunil Kamath
7hVmdlsJp0E2WQIvVl8ngN,"['desi pop', 'modern bollywood', 'punjabi pop']",Punjabi,Millind Gaba
6pU5oz09VUYtnFTd4P1Mxn,"['desi pop', 'punjabi pop']",Punjabi,Ranjit Bawa
6wu0KRwDO88PuEEpib4pQh,['indian lo-fi'],Hindi,Anu Amanat
7wOZy3KdFVVINgNFFxkxwO,"['puerto rican pop', 'salsa', 'salsa puertorriquena', 'tropical']",English,JERRY
29ggvWc5EMcSk5RLQ5aXHr,"['desi pop', 'himachali pop', 'modern bollywood']",Hindi,Pratsofficial
76fuWYgIf3TVIopTs3vaJ6,"['desi pop', 'modern bollywood']",Hindi,Amaal Mallik
3qOEJ6A1UQYy0qViPHHXxF,['canadian soundtrack'],English,Sohail Rana
07g02xbfLHmRdZaz5NAWru,"['classic bollywood', 'classic pakistani pop', 'filmi', 'ghazal', 'pakistani pop', 'sufi']",Hindi,Farida Khanum
3OzUySgSF8QxZScB0RxDCB,['modern bollywood'],Hindi,Namita Choudhary
3LLNDXrxL4uxXtnUJS5XWM,['eurovision'],English,Alexander Rybak
4yvcSjfu4PC0CYQyLy4wSq,"['gauze pop', 'indietronica', 'shiver pop']",English,Glass Animals
64BRoUsqACYpTLeRwyxyIx,"['desi pop', 'indian lo-fi', 'modern bollywood']",Hindi,Shantanu Avinashi
64QCKFA8kD38Waf5EXbSRp,['indian lo-fi'],Hindi,Jammy Weirdo
3xU8YsNNkmWSPewlB18NUz,"['desi pop', 'filmi', 'modern bollywood', 'sufi']",Hindi,Harshdeep Kaur
3WGACJloUzMYHxkcHX0rl1,[],,Dk Bohat
10cESI2qXWXWxfkeomFOON,"['desi pop', 'punjabi pop']",Punjabi,Sajjan Adeeb
4GvEc3ANtPPjt1ZJllr5Zl,"['dance pop', 'electropop', 'pop']",English,Bazzi
2RdwBSPQiwcmiDo9kixcl8,"['hip hop', 'pop', 'pop rap']",English,Pharrell Williams
5osbiefpwljgv3pRQNmbFO,['indian lo-fi'],Hindi,WORMONO
3xZ9z6k4Suc2O8cAiwMt7h,"['indian indie', 'indian singer-songwriter']",Hindi,Suzonn
1c4IXYT2idOski3WEtfJpW,['indian lo-fi'],Hindi,Swattrex
6yi4BexeHDzQeuiDzXqTcg,['indian indie'],Hindi,Last Minute India
5OTt6O4Q22YsqZDaWV6FqC,"['carnatic', 'carnatic vocal', 'filmi', 'indian classical', 'tamil pop']",Hindi,Bombay Jayashri
1uVBFT8F6ptXvKtKKkUa5x,[],,Be Happy And Share Happiness
,,,Yeh Kaha Aa Gye Hum
3pQ4aA7dkolyjUAMrVScgh,"['desi pop', 'modern bollywood']",Hindi,Manan Bhardwaj
3tHD07u1ON4uHxmnT9rwqZ,"['desi hip hop', 'desi pop', 'filmi', 'modern bollywood']",Hindi,Neeraj Shridhar
2WzaAvm2bBCf4pEhyuDgCY,"['alt z', 'canadian contemporary r&b', 'canadian pop', 'pop']",English,Ruth B.
5SyhqYagv3kA1s7xbI8QGi,"['hip pop', 'r&b', 'urban contemporary']",English,Mashonda
26VFTg2z8YR0cCuwLzESi2,"['dance pop', 'electropop', 'etherpop', 'indie poptimism', 'pop']",English,Halsey
3ha8l1xb9ypBWOZcpWQHGc,[],,INDie EDMer
1cw8NspBF8JctQm5rpn3pv,"['filmi', 'ghazal', 'hindustani classical', 'hindustani vocal', 'indian classical', 'khayal']",Hindi,Rashid Khan
20YfM15fU24Wtzq7D25LTb,['indian lo-fi'],Hindi,Nitin Shukla
1OXD3k8dCc3d4hPfAyaHim,[],,Pragati Naagar
4wOEkf10AAMKx0yCGEEnxm,['turkish jazz'],English,Burhan Laskar
7b6Ui7JVaBDEfZB9k6nHL0,"['assamese pop', 'desi hip hop', 'desi pop', 'filmi', 'hindi indie', 'indian indie', 'indian rock', 'new delhi indie']",Hindi,The Local Train
4qIVPF0s71ZYW3qzhu5GkF,['sad lo-fi'],Hindi,Kina
5LGo1zHegJTWzqVXgeNplt,"['alt z', 'irish pop', 'sad rap']",English,Ryan Mack
3R2qNg70D86iZywZ35avba,['indian lo-fi'],Hindi,Manas Roy
2wUjUUtkb5lvLKcGKsKqsR,"['canadian contemporary r&b', 'canadian pop', 'dance pop', 'electropop', 'pop', 'post-teen pop']",English,Alessia Cara
5CiGnKThu5ctn9pBxv7DGa,"['dance pop', 'edm', 'electropop', 'pop', 'pop rap']",English,benny blanco
66CXWjxzNUsdJxJ2JdwvnR,"['dance pop', 'pop']",English,Ariana Grande
6ydoSd3N2mwgwBHtF6K7eX,"['neo mellow', 'pop']",English,Calum Scott
0QGDb8TBWIT06W4BoyAggg,"['chill r&b', 'pop']",English,Finding Hope
6JUEjbhKiAZFmMRrudNHgL,"['hindi indie', 'indian folk', 'indian indie', 'indian rock', 'new delhi indie']",Hindi,Faridkot
2b5JOdK2tt39N9oL49p40R,[],,Rishabh MZC
0Tn7oEmE8zDUR340Doo9zl,['classic bollywood'],Hindi,Aamir Khan
5DZr9dQj9KPd62WuMeIPqK,"['electronica', 'hip-hop experimental', 'laboratorio', 'new french touch', 'nu jazz', 'trip hop']",English,Doctor Flame 
7CckquWatDQSr3PFKkjM8M,"['broadway', 'hollywood', 'movie tunes', 'show tunes']",English,Susan Egan
4tMm1dU6Gn04VAZ9ClHcIZ,"['atl hip hop', 'pop r&b', 'pop rap', 'r&b', 'rap', 'urban contemporary']",English,SongsForJacques
28FX3Up2MflmFQI2NPkjsW,[],,Davinder Bhatti
5oNkPMlb4zyhQ8G5onn0Et,[],,Amber Vashisht
2gsggkzM5R49q6jpPvazou,"['dance pop', 'pop', 'pop rap', 'post-teen pop']",English,Jessie J
6QtJ6BVdj43aDpgjnVp2tY,"['desi pop', 'filmi', 'modern bollywood']",Hindi,Mohammed Irfan
4IKVDbCSBTxBeAsMKjAuTs,"['desi pop', 'filmi', 'modern bollywood']",Hindi,Armaan Malik
5njXNGSjQ6qDrWdMygu93M,['indian lo-fi'],Hindi,joyvegas
5ukKEZTqhAC7zXPLowAJuk,"['modern bollywood', 'pakistani pop']",Hindi,Falak Shabir
3oHVLbNqBovgRlpW45SjVU,"['desi pop', 'indian lo-fi', 'modern bollywood']",Hindi,Vincent Boral
6OQun0qxoOjStLIqxcmYK6,['indian lo-fi'],Hindi,Visual Chinmay
3U4ZRBChsjzagb4wcEXutU,['indian lo-fi'],Hindi,Poorvesh Dave
7Dfa2OiawjwGg3bbjNnarP,['desi pop'],Hindi,Kushagra Krishnatrey
1wmoF73GhlylxwAbn9YGYr,"['desi pop', 'modern bollywood']",Hindi,Prashant Katheriya
08tfDO4dSrwxax35a3HIMC,['japanese soundtrack'],English,Tashif
64GYCUu76fTJnXNyNTT3Hx,['desi pop'],Hindi,Vicky Singh
5E2SH0HRkFmN5yp1BVumH5,['indian lo-fi'],Hindi,Coffeekids
5EISGLKYtFDJzae6rtMhKU,[],,Arnab Maity
43jHbOAD9UtOEO1la8CVHs,"['assamese pop', 'desi pop', 'indian indie', 'indian singer-songwriter', 'modern bollywood']",Hindi,Vismay Patel
77OAkisovOFmVAGes61rgs,['indian lo-fi'],Hindi,Lofiwaala
72alqzixeOnANB0JmmYUoi,['indian lo-fi'],Hindi,It's DPK
1NkQbSzN7LhkURNg2ChZMp,['pakistani pop'],English,Nabeel Shaukat Ali
0ZEiDnkNsdY6IXWUjWuBU2,"['desi hip hop', 'desi pop']",Hindi,Raashi Sood
28kGdf2ant8i73Fab2F7xq,"['desi hip hop', 'desi pop', 'punjabi pop']",Punjabi,Amantej Hundal
1WfhMDY9H3vpbzBxyT0DGm,[],,Lopon Sukhdii
063Vp9es6lLAbFUDtIAkFD,"['corrido', 'corridos tumbados', 'musica mexicana', 'nueva musica mexicana', 'sad sierreno', 'sierreno']",English,Abraam
7MSns7VCEysJJhcp67gvtZ,['anime'],English,Minda
0h2mjyHxIUJ9QIfJCOHJpX,"['slowed and reverb', 'viral rap']",English,Eduardo XD
0SLChsZNfgO7zbH3gevHvE,['slowed and reverb'],English,love shayla
5NChOzODHzPYNB4iho8Zcy,[],,Joongle
2a9FuYFAa9KGJVuDjI7WOy,[],,unsterblich
4IsfT2T6bYdVaNZeN8VaQM,['slowed and reverb'],English,Sad Bart Hours
0pFHZ5Jjpb8Lx7Q7uW9a1v,[],,You Forever
1dXyyDButMVteLKOOVqz6Z,['viral rap'],English,Eduardo Luzquiños
3dwVndIdsi5UVhJjFstRUX,['slowed and reverb'],English,FiloChill
4Qt4osuhqHKfSfpB31r4qN,['slowed and reverb'],English,DancingRoom
5fOzKeaM5PmZ2BcKKAtFeq,['8d'],English,8D Tunes
43lUFmT9yMM9uQyZfo47JC,['slowed and reverb'],English,Kirub
7rNUxGFTZ0EyaoQ3ZH5aDj,[],,Faynix
2r6ZdPP9Vcq6notJH1VdP2,[],,Gudrapz
5dYGaoCO0iaUZKfl9K8Gtd,['modern dream pop'],English,Harmless
4jrwvwAzzMNWrnQemTy711,[],,she devil
1GMcskaP7weF0mypIi2UIA,[],,Neon361
7J67YP5oiObsKJkC7mrRWW,[],,Hentai Xander
0K3Jtj8PRdPfgYLua8X1dv,"['lo-fi chill', 'sad lo-fi', 'slowed and reverb']",Hindi,Yusei
2jBDqHF3RpDEUZdn4jaOYh,[],,Slowed Music
0KoNM5sJYGdFYaP9Sw20On,[],,BerthCh
5azWSYXVoLKYKHlR5zNJ7i,"['desi pop', 'punjabi pop']",Punjabi,Sharry Mann
7qV0MH8s4k7iDMuYVQzGvi,[],,Kshitij Vishwakarma
3XPVJDVNmbOddwsJiAA2Uy,[],,Mani Sekhon
25LqOyhsRAI0lPA41bRr4W,[],,Marshlemon
0oOet2f43PA68X5RxKobEy,"['desi pop', 'filmi', 'modern bollywood']",Hindi,Shreya Ghoshal
6JL8zeS1NmiOftqZTRgdTz,"['dance pop', 'hip pop', 'pop']",English,Meghan Trainor
3X2DdnmoANw8Rg8luHyZQb,[],,Romy
5zviixHtVO7u0Cfc3LtbhW,[],,Sara Khan
2T1aUibqR2QC2sINIDQOAK,['reggaeton flow'],English,Mamba
0TDjpai8y4gg0K5OCEYpFx,[],,Gravity Music India
7rDUs601MBKwvJudRKJe7n,[],,Nostalofi Vibes
7Gg4O0kIXEu2DYgycQrz8x,[],,Arshman Khan
4IOe98zCwlcKtXOekm69Ee,[],,Bablu Sodhi
6W9RUw7xnNRYtgh8dimg7L,"['contemporary r&b', 'funk', 'neo soul', 'quiet storm', 'r&b', 'urban contemporary']",English,Ronaq
11HpSnDs7Rof47FFe4uG5q,[],,Sachin Seth
6IP4VnqS1pOiQcPVP4zx0H,"['desi pop', 'punjabi pop']",Punjabi,prem dhilln
6hUN0spqkOvBajJ8J2nUc5,[],,Shera Dhaliwal
5jQmCoymJw2Ijzsq8wjPC5,[],,Ganya Saluja
74Ch11L4833kZ9VfyziR3K,[],,Unknown Artist
5WV0Nn0dUR0wClQB1TETco,[],,Arpan Bawa
4frYdwmZRdSHIVELtSzLMu,"['desi pop', 'modern bollywood']",Hindi,Aditya Kumar
418X5slNWlJwym4x3Oq3Cs,['desi pop'],Hindi,Lisa Mishra
3MZsBdqDrRTJihTHQrO6Dq,['viral pop'],English,Joji
3vldh5Ceynytj6Iglw4haP,"['alt z', 'indie pop', 'modern indie folk']",English,Tommy Lefroy
343WUTtXN19nq6GTjrPhSr,[],,Focus/Study Music
7Lk9V7E1u5gqSHmtcKlOqH,"['alt z', 'gen z singer-songwriter', 'indie pop', 'modern indie pop', 'pop']",English,Sara Kays
2y9j8qUwBMGPYPQJJxmYzD,"['alt z', 'pop', 'post-teen pop', 'social media pop']",English,Anna Clendening
45dkTj5sMRSjrmBSBeiHym,['pop'],English,Tate McRae
2jHp7gQArCQrlMvdrIVFCg,"['alt z', 'gen z singer-songwriter', 'pop']",English,Anson Seabra
1djGyQAjyVQh0HWCYMHCcB,"['alt z', 'gen z singer-songwriter']",English,Sophie Pecora
5VZn4mB8pS40aE0kujdX2Y,[],,Chloe George
3hu0zovv9ZERrUy09lIsTH,['modern indie pop'],English,Paravi
0ZED1XzwlLHW4ZaG4lOT6m,"['alt z', 'dance pop', 'electropop', 'pop', 'post-teen pop']",English,Julia Michaels
0gadJ2b9A4SKsB1RFkBb66,"['folk-pop', 'neo mellow']",English,Passenger
5D3muNJhYYunbRkh3FKgX0,['acoustic pop'],English,Chord Overstreet
0XIKGBo9PnK1ApI5tZA60d,"['pop', 'pop r&b', 'pop rap', 'r&b', 'rap', 'rap latina', 'urban contemporary']",English,DaniLeigh
57LYzLEk2LcFghVwuWbcuS,"['pop', 'r&b', 'rap']",English,Summer Walker
6bmlMHgSheBauioMgKv2tn,"['sad lo-fi', 'sad rap']",Hindi,Powfu
2WX2uTcsvV5OnS0inACecP,['pop'],English,Birdy
5l1aGNGCRGomCMHVufh6xC,"['classic bollywood', 'filmi', 'ghazal']",Hindi,Amit Kumar
7tgKNYAFYlZuoOkTkuw66a,[],,Samrat Chatterjee
40K2sYgvoqipfu0hM3c1Uc,[],,Debolinaa Nandy
7ezZ4ix4QBrKkvxanGClFB,['modern bollywood'],Hindi,Jyoti Nooran
2r3HmBK84dHpMW5WFNdWNP,"['desi hip hop', 'desi pop']",Hindi,Ezu
4z0z82pXirH1TrygipQlOo,['desi pop'],Hindi,Afsana Khan
7AKO4PWJ6ToZVUfA5xmsIY,"['desi hip hop', 'desi pop', 'modern bollywood', 'punjabi pop']",Punjabi,Sunanda Sharma
4PULA4EFzYTrxYvOVlwpiQ,"['desi hip hop', 'pakistani hip hop', 'punjabi hip hop']",Punjabi,Sidhu Moose Wala
2SUz5QWoJ2tkkFbTO1qvSm,[],,Gurpreet Chattha
5Dr08SCxyjTmDovDDRZCa2,['punjabi pop'],Punjabi,Shree Brar
5kvGYraWFlXs2Jbt1Kphn8,"['bhangra', 'desi pop', 'punjabi pop']",Punjabi,Gippy Grewal
1CluO4PWr2z45POcQ92ZPs,"['desi pop', 'punjabi pop']",Punjabi,Shivjot
4vIsAZx8AolYa6paJphDGY,"['desi pop', 'punjabi pop']",Punjabi,Nirvair Pannu
3Ai8vgtQ3MxZ1dgrfBrALi,[],,Ajit chhaniwala
17gMznd5zN6OhjvnnX0CLa,[],,Preet Sukh
0TxBLummgAxRkxn21HrLDp,['punjabi pop'],Punjabi,Mannat Noor
2FV0sdO6uDLDe73NGLUQQq,['modern bollywood'],Hindi,Abhishek Arora
7vJRDw4tsuuQD9vqJZQRUv,['mollywood'],English,Renuka Arun
5HD6kCaoqjrDx8W5ES0YC3,[],,Jeffrick
6ez5nZKCRO9HY08CWrHZok,[],,Hashmat Sultana
2RXTjV42UE6r9i5izVsiKa,['indian lo-fi'],Hindi,Pranish VP
6IF6F1mkBk8pUXxtcleKzV,[],,Director Fizzix
35jfEFdc4HA5X0C348irt8,['indian lo-fi'],Hindi,Jitz jz
00sCATpEvwH48ays7PlQFU,['modern bollywood'],Hindi,Jonita Gandhi
3IzepIGEFUSFFnuIVGwZDS,"['bhangra', 'desi hip hop', 'desi pop', 'punjabi pop']",Punjabi,Manni Sandhu
1nmKYy6efdYl8sIcT0gCLJ,[],,Anumita Nadesan
1JdHoZwkwOmX2Pl2iTwnzc,"['classic bollywood', 'classic pakistani pop', 'desi pop', 'filmi', 'ghazal', 'modern bollywood', 'pakistani pop']",Hindi,Vishal Bhardwaj
4o0mCeiUIVdknPUMhpO0bd,"['hindi indie', 'indian indie', 'modern bollywood']",Hindi,Dream Note
6hzngLO20cX5IGqT0hVv1G,"['desi pop', 'modern bollywood']",Hindi,Anurag Saikia
6dLuQ5qXxIuWc5urxfIiZR,"['corrido', 'corridos tumbados', 'musica mexicana', 'nueva musica mexicana', 'sad sierreno', 'sierreno']",English,Call
4E5oyNFcB3uXLkLdjYmP9Z,"['desi pop', 'filmi', 'modern bollywood']",Hindi,Neha Bhasin
6XypcJDBmfuRjq52PFUVwd,"['desi pop', 'filmi', 'modern bollywood']",Hindi,Rahul Vaidya
5bv6NvAYNuvd2Vq13nHdG3,"['desi pop', 'filmi', 'modern bollywood']",Hindi,Sona Mohapatra
2rEb1vrMe7IU8gh1ZTevTS,['desi pop'],Hindi,Desi Gaana
3jTU1IOqkO7Mz4zdbXPose,[],,Stephen Dawes
5lMNphVhMLvhFmTWiKiLA2,"['desi pop', 'hindi indie', 'indian edm']",Hindi,Zaeden
4sAweKU7CjDZ1bUEb6VF6a,['classic pakistani pop'],Hindi,Naseebo Lal
1W67L8OH9z7C3b9YJJbVYq,"['modern bollywood', 'pakistani pop']",Hindi,Farhan Saeed
